name,borough,cuisine,street,building,zipcode,coord_longitude,coord_latitude,grade1_date,grade1_score,grade2_date,grade2_score,comment
Brunos On The Boulevard,Queens,American,Astoria Boulevard,8825,11369,-73.8803827,40.7643124,2014-11-15T00:00:00Z,4,2014-05-02T00:00:00Z,2,I will definitely be back!
La Piazza,Brooklyn,Mexican,5th Avenue,384,11465,-73.973752,40.749583,2014-10-18T00:00:00Z,1,2013-06-22T00:00:00Z,7,Great food!
El Sombrero,Staten Island,Greek,Broadway,2085,10639,-73.934655,40.878261,2015-05-02T00:00:00Z,8,2014-05-25T00:00:00Z,3,Great food!
Golden Dragon,Staten Island,Indian,Lexington Avenue,5761,11322,-73.889767,40.877654,2016-10-03T00:00:00Z,6,2015-04-01T00:00:00Z,6,Great food!
Sakura Garden,Brooklyn,Indian,Astoria Blvd,5364,10245,-73.898975,40.611021,2017-06-23T00:00:00Z,4,2016-02-12T00:00:00Z,2,Would come again!
Taj Mahal,Queens,French,5th Avenue,5025,10487,-73.824143,40.850249,2018-11-10T00:00:00Z,6,2017-05-27T00:00:00Z,5,Highly recommended!
Bangkok Spice,Queens,Caribbean,Flatbush Ave,8141,11577,-73.905336,40.601142,2014-12-17T00:00:00Z,4,2013-07-08T00:00:00Z,6,Average experience.
Green Earth,Manhattan,Japanese,Astoria Blvd,4612,10763,-73.922865,40.616138,2015-12-23T00:00:00Z,6,2014-01-04T00:00:00Z,7,Would come again!
Island Grill,Brooklyn,Chinese,Flatbush Ave,822,11020,-73.950812,40.683311,2016-02-24T00:00:00Z,5,2015-08-07T00:00:00Z,3,Would come again!
Le Petit Paris,Bronx,Vegan,5th Avenue,1489,10108,-73.961697,40.769175,2017-05-26T00:00:00Z,3,2016-04-06T00:00:00Z,8,Great food!
Seoul Kitchen,Queens,Chinese,Flatbush Ave,3869,11208,-73.980873,40.610396,2018-02-05T00:00:00Z,2,2017-01-07T00:00:00Z,7,Average experience.
Mama Mia,Brooklyn,French,Flatbush Ave,2392,10359,-73.97096,40.766054,2014-08-05T00:00:00Z,8,2013-11-02T00:00:00Z,3,Highly recommended!
Curry Palace,Bronx,Mexican,Lexington Avenue,9481,11558,-73.838052,40.864335,2015-11-15T00:00:00Z,10,2014-05-16T00:00:00Z,5,Average experience.
Blue Ocean,Brooklyn,Italian,Flatbush Ave,1988,10764,-73.983817,40.838923,2016-02-17T00:00:00Z,8,2015-01-18T00:00:00Z,7,Great food!
Casa Blanca,Brooklyn,Chinese,Flatbush Ave,8411,10182,-73.810184,40.84482,2017-08-22T00:00:00Z,6,2016-10-13T00:00:00Z,9,Great food!
Spice Route,Staten Island,Indian,Flatbush Ave,5882,10049,-73.930609,40.711573,2018-02-08T00:00:00Z,4,2017-06-01T00:00:00Z,10,Great food!
Happy Dumplings,Queens,Caribbean,Broadway,1142,11349,-73.917198,40.766824,2014-06-22T00:00:00Z,10,2013-05-07T00:00:00Z,6,Excellent service!
The Vegan Spot,Bronx,Caribbean,Bedford Ave,6642,11644,-73.924735,40.666809,2015-09-21T00:00:00Z,3,2014-04-02T00:00:00Z,10,Would come again!
Caribbean Delight,Brooklyn,Caribbean,Bedford Ave,5875,10649,-73.811784,40.694068,2016-01-18T00:00:00Z,7,2015-09-17T00:00:00Z,4,Excellent service!
Pizza Roma,Staten Island,French,Broadway,8624,11335,-73.812536,40.60451,2017-06-18T00:00:00Z,1,2016-09-07T00:00:00Z,2,Would come again!
Restaurant_1,Manhattan,Mexican,Bedford Ave,200,11492,-73.963461,40.831605,2014-01-18,2,2013-01-26,7,Good experience.
Restaurant_2,Brooklyn,Caribbean,Lexington Avenue,2087,10784,-73.803748,40.737886,2014-08-05,1,2013-04-16,5,Would visit again.
Restaurant_3,Queens,Chinese,5th Avenue,9576,11302,-73.961573,40.774284,2014-01-21,1,2013-01-27,3,Excellent!
Restaurant_4,Staten Island,Japanese,Bedford Ave,7124,10699,-73.949189,40.885048,2014-05-09,2,2013-08-16,8,Would visit again.
Restaurant_5,Bronx,French,Astoria Blvd,8242,10549,-73.869478,40.630326,2014-09-01,3,2013-03-12,5,Amazing dishes!
Restaurant_6,Manhattan,Indian,5th Avenue,7866,10412,-73.805646,40.824481,2014-09-06,10,2013-11-11,10,Good experience.
Restaurant_7,Brooklyn,Vegan,Astoria Blvd,5790,11239,-73.938384,40.786677,2014-02-26,3,2013-03-27,5,Amazing dishes!
Restaurant_8,Bronx,Italian,5th Avenue,6482,10873,-73.974,40.829195,2014-02-18,4,2013-06-02,4,Amazing dishes!
Restaurant_9,Bronx,Vegan,5th Avenue,6009,11145,-73.921953,40.765721,2014-08-17,9,2013-01-17,6,Could improve service.
Restaurant_10,Brooklyn,Mexican,Broadway,1868,10313,-73.802591,40.837419,2014-06-21,3,2013-06-11,7,Could improve service.
Restaurant_11,Manhattan,Mexican,Bedford Ave,5567,11009,-73.859884,40.666474,2014-06-25,4,2013-06-02,5,Excellent!
Restaurant_12,Bronx,Chinese,Astoria Blvd,5747,11595,-73.817889,40.880083,2014-09-12,4,2013-08-11,1,Could improve service.
Restaurant_13,Bronx,Chinese,Bedford Ave,7386,10239,-73.875573,40.879541,2014-11-19,1,2013-09-05,1,Good experience.
Restaurant_14,Bronx,Chinese,Astoria Blvd,68,10262,-73.81967,40.725055,2014-01-14,6,2013-08-23,6,Could improve service.
Restaurant_15,Manhattan,Mexican,Flatbush Ave,3589,11236,-73.903864,40.823584,2014-07-07,3,2013-10-06,6,Good experience.
Restaurant_16,Brooklyn,Japanese,Flatbush Ave,2125,11141,-73.95339,40.656789,2014-08-11,6,2013-01-03,2,Good experience.
Restaurant_17,Staten Island,Japanese,5th Avenue,622,10404,-73.917666,40.798753,2014-02-05,8,2013-01-09,10,Could improve service.
Restaurant_18,Bronx,Mexican,Flatbush Ave,4491,10963,-73.837759,40.789242,2014-05-03,6,2013-09-18,5,Would visit again.
Restaurant_19,Staten Island,Chinese,Lexington Avenue,702,11333,-73.890238,40.840797,2014-11-14,7,2013-02-01,3,Amazing dishes!
Restaurant_20,Manhattan,Italian,Lexington Avenue,391,11340,-73.897279,40.825348,2014-01-19,7,2013-08-11,6,Excellent!
Restaurant_21,Manhattan,French,5th Avenue,8460,11560,-73.982135,40.871807,2014-12-04,9,2013-04-05,6,Excellent!
Restaurant_22,Brooklyn,Indian,Astoria Blvd,9859,11083,-73.958495,40.668624,2014-11-04,6,2013-04-18,2,Excellent!
Restaurant_23,Queens,Japanese,Astoria Blvd,6243,10395,-73.91889,40.845609,2014-12-27,6,2013-11-25,3,Could improve service.
Restaurant_24,Manhattan,French,Broadway,5609,11109,-73.953251,40.620684,2014-01-03,6,2013-01-07,2,Could improve service.
Restaurant_25,Manhattan,Greek,5th Avenue,5018,10769,-73.809191,40.671595,2014-08-05,7,2013-06-15,10,Good experience.
Restaurant_26,Bronx,Mexican,5th Avenue,1766,10520,-73.937838,40.771117,2014-11-07,7,2013-08-14,9,Would visit again.
Restaurant_27,Queens,Caribbean,Astoria Blvd,7173,11111,-73.80591,40.871766,2014-06-07,5,2013-04-23,8,Would visit again.
Restaurant_28,Staten Island,Thai,Flatbush Ave,5924,11608,-73.903871,40.85659,2014-04-13,10,2013-10-19,5,Amazing dishes!
Restaurant_29,Brooklyn,Indian,Broadway,7861,11506,-73.858015,40.799921,2014-05-04,8,2013-07-13,3,Good experience.
Restaurant_30,Bronx,Thai,Broadway,8045,11360,-73.936739,40.888572,2014-05-21,6,2013-11-23,9,Amazing dishes!
